INSERT INTO drivers (driver_id, first_name, last_name) VALUES
  (NULL, 'John', 'Smith'),
  (NULL, 'Maryanne', 'Reed'),
  (NULL, 'Alfreda', 'Kevins'),
  (NULL, 'Hudson', 'Nicolson'),
  (NULL, 'Tamika', 'Waldroup'),
  (NULL, 'Perce', 'Russel'),
  (NULL, 'Gamal', 'Warner'),
  (NULL, 'Lena', 'Gilliam'),
  (NULL, 'Finley', 'Hughes'),
  (NULL, 'Shakil', 'Newport'),
  (NULL, 'Dwight', 'Knaggs')

INSERT INTO icons (icon_id, url, alt_text) VALUES
  (NULL, '../images/single_decker.svg', 'Single Decker'),
  (NULL, '../images/double_decker.svg', 'Double Decker')

INSERT INTO buses (registration, make, model, capacity, icon_id) VALUES
  ('BJ57 TWM', 'Trident 2', 'Dennis', 70, 2),
  ('MK02 VVG', 'Albion', 'Aberdonian ', 35, 1)

INSERT INTO stops (stop_id, stop_name, postcode) VALUES
  (NULL, 'Manchester Piccadilly', 'M1 1RG'),
  (NULL, 'Newton Heath Dean Lane', 'M40 3AD'),
  (NULL, 'Hollinwood Mersey Road North', 'M35 9FF'),
  (NULL, 'Garden Suburb', 'OL8 3BE'),
  (NULL, 'Oldham Bus Station', 'OL3 5SR'),
  (NULL, 'Oldham Mumps Bridge', 'OL4 1SY'),
  (NULL, 'Lees County End', 'OL4 4LY'),
  (NULL, 'Grotton Station Road', 'OL4 5SF'),
  (NULL, 'Uppermill', 'OL3 6BF'),
  (NULL, 'Diggle Sunfield Lane', 'OL3 5PS'),
  (NULL, 'Marsden Peel Street', 'HD7 6EZ'),
  (NULL, 'Slaithwaite Star Hotel', 'HD7 5HR'),
  (NULL, 'Cowlersley', 'HD7 5QZ'),
  (NULL, 'Huddersfield Bus Station', 'HD1 2JN'),
  (NULL, 'Leeds City Bus Station', 'LS2 7LA'),
  (NULL, 'Domestic Road', 'LS11 9RS'),
  (NULL, 'Birstall Market Place', 'WF17 9EL'),
  (NULL, 'Batley Bus Station', 'WF17 5RN'),
  (NULL, 'Heckmondwike Hub', 'WF16 0HR'),
  (NULL, 'Hartshead Post Office', 'HD5 0RJ'),
  (NULL, 'Sygenta', 'HD2 1FG'),
  (NULL, 'Linthwaite Church', 'HD7 5TD'),
  (NULL, 'Slaithwaite Carr Lane', 'HD7 5AF'),
  (NULL, 'Wilberlee', ' HD7 5UX'),
  (NULL, 'Salford Shopping Centre', 'M6 5JA'),
  (NULL, 'Swinton Church', 'M27 6BP'),
  (NULL, 'Walkden Ellesmere Centre', 'M39 3EE'),
  (NULL, 'Little Hulton Cleggs Lane', 'M38 9RS'),
  (NULL, 'Harper Green Road', 'BL4 0DS'),
  (NULL, 'Bolton Interchange', 'BL1 1PF'),
  (NULL, 'Newsome Church', 'HD4 6JR'),
  (NULL, 'Hanging Stone Road', 'HD4 7QS'),
  (NULL, 'Honley Bradshaw Road', 'HD9 6EE'),
  (NULL, 'Church Street Holmfirth', 'HD9 3XZ'),
  (NULL, 'Holme Valley Hospital', 'HD9 3TR'),
  (NULL, 'Holmfirth Bus Station', 'HD9 2WZ')

INSERT INTO routes (route_id, route_name, total_distance, expected_duration, fare) VALUES
  (NULL, '184 - Manchester to Huddersfield', 27, 119, 0.1),
  (NULL, '229 - Leeds to Huddersfield', 22, 62, 0.11),
  (NULL, '181 - Huddersfield to Wilberlee', 7, 29, 0.09),
  (NULL, '36 - Manchester to Bolton', 16, 61, 0.12),
  (NULL, '308 - Huddersfield to Holmfirth', 6, 46, 0.1)

INSERT INTO route_stop (route_stop_id, route_id, stop_id, stop_number, time_offset) VALUES
  (NULL, 1, 1, 1, 0),
  (NULL, 1, 2, 2, 13),
  (NULL, 1, 3, 3, 9),
  (NULL, 1, 4, 4, 6),
  (NULL, 1, 5, 5, 11),
  (NULL, 1, 6, 6, 11),
  (NULL, 1, 7, 7, 8),
  (NULL, 1, 8, 8, 3),
  (NULL, 1, 9, 9, 9),
  (NULL, 1, 10, 10, 6),
  (NULL, 1, 11, 11, 12),
  (NULL, 1, 12, 12, 8),
  (NULL, 1, 13, 13, 8),
  (NULL, 1, 14, 14, 15),
  (NULL, 2, 15, 1, 0),
  (NULL, 2, 16, 2, 15),
  (NULL, 2, 17, 3, 17),
  (NULL, 2, 18, 4, 9),
  (NULL, 2, 19, 5, 11),
  (NULL, 2, 20, 6, 10),
  (NULL, 2, 21, 7, 9),
  (NULL, 2, 14, 8, 14),
  (NULL, 3, 14, 1, 0),
  (NULL, 3, 13, 2, 10),
  (NULL, 3, 22, 3, 5),
  (NULL, 3, 23, 4, 7),
  (NULL, 3, 24, 5, 8)
  (NULL, 4, 1, 1, 0),
  (NULL, 4, 25, 2, 11),
  (NULL, 4, 26, 3, 11),
  (NULL, 4, 27, 4, 8),
  (NULL, 4, 28, 5, 13),
  (NULL, 4, 29, 6, 7),
  (NULL, 4, 30, 7, 11),
  (NULL, 5, 14, 1, 0),
  (NULL, 5, 31, 2, 10),
  (NULL, 5, 32, 3, 5),
  (NULL, 5, 33, 4, 8),
  (NULL, 5, 34, 5, 5),
  (NULL, 5, 35, 6, 3),
  (NULL, 5, 36, 7, 9)

INSERT INTO runs (run_id, driver_id, route_id, bus_reg, start_time) VALUES
  (NULL, 1, 1, 'BJ57 TWM', '2018-12-24 09:28:00'),
  (NULL, 2, 1, 'BJ57 TWM', '2018-12-24 09:58:00'),
  (NULL, 3, 1, 'BJ57 TWM', '2018-12-24 10:28:00'),
  (NULL, 4, 1, 'BJ57 TWM', '2018-12-24 10:58:00'),
  (NULL, 5, 1, 'MK02 VVG', '2018-12-24 11:28:00'),
  (NULL, 6, 1, 'MK02 VVG', '2018-12-24 11:58:00'),
  (NULL, 7, 1, 'MK02 VVG', '2018-12-24 12:28:00'),
  (NULL, 8, 1, 'MK02 VVG', '2018-12-24 12:58:00'),
  (NULL, 9, 1, 'BJ57 TWM', '2018-12-24 13:28:00'),
  (NULL, 10, 1, 'BJ57 TWM', '2018-12-24 13:58:00'),
  (NULL, 11, 1, 'BJ57 TWM', '2018-12-24 14:28:00'),
  (NULL, 1, 1, 'BJ57 TWM', '2018-12-24 14:58:00'),
  (NULL, 2, 1, 'MK02 VVG', '2018-12-24 15:28:00'),
  (NULL, 3, 1, 'MK02 VVG', '2018-12-24 15:58:00'),
  (NULL, 4, 1, 'MK02 VVG', '2018-12-24 16:28:00'),
  (NULL, 5, 1, 'BJ57 TWM', '2018-12-24 16:58:00'),
  (NULL, 6, 1, 'BJ57 TWM', '2018-12-24 17:28:00'),
  (NULL, 1, 1, 'BJ57 TWM', '2018-12-25 09:28:00'),
  (NULL, 2, 1, 'BJ57 TWM', '2018-12-25 09:58:00'),
  (NULL, 3, 1, 'BJ57 TWM', '2018-12-25 10:28:00'),
  (NULL, 4, 1, 'BJ57 TWM', '2018-12-25 10:58:00'),
  (NULL, 5, 1, 'MK02 VVG', '2018-12-25 11:28:00'),
  (NULL, 6, 1, 'MK02 VVG', '2018-12-25 11:58:00'),
  (NULL, 7, 1, 'MK02 VVG', '2018-12-25 12:28:00'),
  (NULL, 8, 1, 'MK02 VVG', '2018-12-25 12:58:00'),
  (NULL, 9, 1, 'BJ57 TWM', '2018-12-25 13:28:00'),
  (NULL, 10, 1, 'BJ57 TWM', '2018-12-25 13:58:00'),
  (NULL, 11, 1, 'BJ57 TWM', '2018-12-25 14:28:00'),
  (NULL, 1, 1, 'BJ57 TWM', '2018-12-25 14:58:00'),
  (NULL, 2, 1, 'MK02 VVG', '2018-12-25 15:28:00'),
  (NULL, 3, 1, 'MK02 VVG', '2018-12-25 15:58:00'),
  (NULL, 4, 1, 'MK02 VVG', '2018-12-25 16:28:00'),
  (NULL, 5, 1, 'BJ57 TWM', '2018-12-25 16:58:00'),
  (NULL, 6, 1, 'BJ57 TWM', '2018-12-25 17:28:00'),
  (NULL, 1, 1, 'BJ57 TWM', '2018-12-26 09:28:00'),
  (NULL, 2, 1, 'BJ57 TWM', '2018-12-26 09:58:00'),
  (NULL, 3, 1, 'BJ57 TWM', '2018-12-26 10:28:00'),
  (NULL, 4, 1, 'BJ57 TWM', '2018-12-26 10:58:00'),
  (NULL, 5, 1, 'MK02 VVG', '2018-12-26 11:28:00'),
  (NULL, 6, 1, 'MK02 VVG', '2018-12-26 11:58:00'),
  (NULL, 7, 1, 'MK02 VVG', '2018-12-26 12:28:00'),
  (NULL, 8, 1, 'MK02 VVG', '2018-12-26 12:58:00'),
  (NULL, 9, 1, 'BJ57 TWM', '2018-12-26 13:28:00'),
  (NULL, 10, 1, 'BJ57 TWM', '2018-12-26 13:58:00'),
  (NULL, 11, 1, 'BJ57 TWM', '2018-12-26 14:28:00'),
  (NULL, 1, 1, 'BJ57 TWM', '2018-12-26 14:58:00'),
  (NULL, 2, 1, 'MK02 VVG', '2018-12-26 15:28:00'),
  (NULL, 3, 1, 'MK02 VVG', '2018-12-26 15:58:00'),
  (NULL, 4, 1, 'MK02 VVG', '2018-12-26 16:28:00'),
  (NULL, 5, 1, 'BJ57 TWM', '2018-12-26 16:58:00'),
  (NULL, 6, 1, 'BJ57 TWM', '2018-12-26 17:28:00'),
  (NULL, 1, 2, 'BJ57 TWM', '2018-12-24 09:06:00'),
  (NULL, 2, 2, 'BJ57 TWM', '2018-12-24 09:39:00'),
  (NULL, 3, 2, 'BJ57 TWM', '2018-12-24 10:06:00'),
  (NULL, 4, 2, 'BJ57 TWM', '2018-12-24 10:39:00'),
  (NULL, 5, 2, 'MK02 VVG', '2018-12-24 11:06:00'),
  (NULL, 6, 2, 'MK02 VVG', '2018-12-24 11:39:00'),
  (NULL, 7, 2, 'MK02 VVG', '2018-12-24 12:06:00'),
  (NULL, 8, 2, 'MK02 VVG', '2018-12-24 12:58:00'),
  (NULL, 9, 2, 'BJ57 TWM', '2018-12-24 13:28:00'),
  (NULL, 10, 2, 'BJ57 TWM', '2018-12-24 13:39:00'),
  (NULL, 11, 2, 'BJ57 TWM', '2018-12-24 14:06:00'),
  (NULL, 1, 2, 'BJ57 TWM', '2018-12-24 14:39:00'),
  (NULL, 2, 2, 'MK02 VVG', '2018-12-24 15:06:00'),
  (NULL, 3, 2, 'MK02 VVG', '2018-12-24 15:39:00'),
  (NULL, 4, 2, 'MK02 VVG', '2018-12-24 16:39:00'),
  (NULL, 5, 2, 'BJ57 TWM', '2018-12-24 16:06:00'),
  (NULL, 6, 2, 'BJ57 TWM', '2018-12-24 17:39:00'),
  (NULL, 1, 2, 'BJ57 TWM', '2018-12-25 09:06:00'),
  (NULL, 2, 2, 'BJ57 TWM', '2018-12-25 09:39:00'),
  (NULL, 3, 2, 'BJ57 TWM', '2018-12-25 10:06:00'),
  (NULL, 4, 2, 'BJ57 TWM', '2018-12-25 10:39:00'),
  (NULL, 5, 2, 'MK02 VVG', '2018-12-25 11:06:00'),
  (NULL, 6, 2, 'MK02 VVG', '2018-12-25 11:39:00'),
  (NULL, 7, 2, 'MK02 VVG', '2018-12-25 12:06:00'),
  (NULL, 8, 2, 'MK02 VVG', '2018-12-25 12:39:00'),
  (NULL, 9, 2, 'BJ57 TWM', '2018-12-25 13:06:00'),
  (NULL, 10, 2, 'BJ57 TWM', '2018-12-25 13:39:00'),
  (NULL, 11, 2, 'BJ57 TWM', '2018-12-25 14:06:00'),
  (NULL, 1, 2, 'BJ57 TWM', '2018-12-25 14:39:00'),
  (NULL, 2, 2, 'MK02 VVG', '2018-12-25 15:06:00'),
  (NULL, 3, 2, 'MK02 VVG', '2018-12-25 15:39:00'),
  (NULL, 4, 2, 'MK02 VVG', '2018-12-25 16:06:00'),
  (NULL, 5, 2, 'BJ57 TWM', '2018-12-25 16:39:00'),
  (NULL, 6, 2, 'BJ57 TWM', '2018-12-25 17:39:00'),
  (NULL, 1, 2, 'BJ57 TWM', '2018-12-26 09:06:00'),
  (NULL, 2, 2, 'BJ57 TWM', '2018-12-26 09:39:00'),
  (NULL, 3, 2, 'BJ57 TWM', '2018-12-26 10:06:00'),
  (NULL, 4, 2, 'BJ57 TWM', '2018-12-26 10:39:00'),
  (NULL, 5, 2, 'MK02 VVG', '2018-12-26 11:06:00'),
  (NULL, 6, 2, 'MK02 VVG', '2018-12-26 11:39:00'),
  (NULL, 7, 2, 'MK02 VVG', '2018-12-26 12:06:00'),
  (NULL, 8, 2, 'MK02 VVG', '2018-12-26 12:39:00'),
  (NULL, 9, 2, 'BJ57 TWM', '2018-12-26 13:06:00'),
  (NULL, 10, 2, 'BJ57 TWM', '2018-12-26 13:39:00'),
  (NULL, 11, 2, 'BJ57 TWM', '2018-12-26 14:06:00'),
  (NULL, 1, 2, 'BJ57 TWM', '2018-12-26 14:39:00'),
  (NULL, 2, 2, 'MK02 VVG', '2018-12-26 15:06:00'),
  (NULL, 3, 2, 'MK02 VVG', '2018-12-26 15:39:00'),
  (NULL, 4, 2, 'MK02 VVG', '2018-12-26 16:06:00'),
  (NULL, 5, 2, 'BJ57 TWM', '2018-12-26 16:39:00'),
  (NULL, 6, 2, 'BJ57 TWM', '2018-12-26 17:06:00'),
  (NULL, 1, 3, 'BJ57 TWM', '2018-12-24 09:12:00'),
  (NULL, 3, 3, 'BJ57 TWM', '2018-12-24 10:12:00'),
  (NULL, 5, 3, 'MK02 VVG', '2018-12-24 11:12:00'),
  (NULL, 7, 3, 'MK02 VVG', '2018-12-24 12:12:00'),
  (NULL, 9, 3, 'BJ57 TWM', '2018-12-24 13:12:00'),
  (NULL, 11, 3, 'BJ57 TWM', '2018-12-24 14:12:00'),
  (NULL, 2, 3, 'MK02 VVG', '2018-12-24 15:12:00'),
  (NULL, 5, 3, 'BJ57 TWM', '2018-12-24 16:12:00'),
  (NULL, 1, 3, 'BJ57 TWM', '2018-12-25 09:12:00'),
  (NULL, 3, 3, 'BJ57 TWM', '2018-12-25 10:12:00'),
  (NULL, 5, 3, 'MK02 VVG', '2018-12-25 11:12:00'),
  (NULL, 7, 3, 'MK02 VVG', '2018-12-25 12:12:00'),
  (NULL, 9, 3, 'BJ57 TWM', '2018-12-25 13:12:00'),
  (NULL, 11, 3, 'BJ57 TWM', '2018-12-25 14:12:00'),
  (NULL, 2, 3, 'MK02 VVG', '2018-12-25 15:12:00'),
  (NULL, 4, 3, 'MK02 VVG', '2018-12-25 16:12:00'),
  (NULL, 1, 3, 'BJ57 TWM', '2018-12-26 09:12:00'),
  (NULL, 3, 3, 'BJ57 TWM', '2018-12-26 10:12:00'),
  (NULL, 5, 3, 'MK02 VVG', '2018-12-26 11:12:00'),
  (NULL, 7, 3, 'MK02 VVG', '2018-12-26 12:12:00'),
  (NULL, 9, 3, 'BJ57 TWM', '2018-12-26 13:12:00'),
  (NULL, 11, 3, 'BJ57 TWM', '2018-12-26 14:12:00'),
  (NULL, 2, 3, 'MK02 VVG', '2018-12-26 15:12:00'),
  (NULL, 4, 3, 'MK02 VVG', '2018-12-26 16:12:00'),
  (NULL, 6, 3, 'BJ57 TWM', '2018-12-26 17:12:00'),
  (NULL, 1, 4, 'BJ57 TWM', '2018-12-24 09:00:00'),
  (NULL, 2, 4, 'BJ57 TWM', '2018-12-24 09:30:00'),
  (NULL, 3, 4, 'BJ57 TWM', '2018-12-24 10:00:00'),
  (NULL, 4, 4, 'BJ57 TWM', '2018-12-24 10:30:00'),
  (NULL, 5, 4, 'MK02 VVG', '2018-12-24 11:00:00'),
  (NULL, 6, 4, 'MK02 VVG', '2018-12-24 11:30:00'),
  (NULL, 7, 4, 'MK02 VVG', '2018-12-24 12:00:00'),
  (NULL, 8, 4, 'MK02 VVG', '2018-12-24 12:50:00'),
  (NULL, 9, 4, 'BJ57 TWM', '2018-12-24 13:20:00'),
  (NULL, 10, 4, 'BJ57 TWM', '2018-12-24 13:30:00'),
  (NULL, 11, 4, 'BJ57 TWM', '2018-12-24 14:00:00'),
  (NULL, 1, 4, 'BJ57 TWM', '2018-12-24 14:30:00'),
  (NULL, 2, 4, 'MK02 VVG', '2018-12-24 15:00:00'),
  (NULL, 3, 4, 'MK02 VVG', '2018-12-24 15:30:00'),
  (NULL, 4, 4, 'MK02 VVG', '2018-12-24 16:30:00'),
  (NULL, 5, 4, 'BJ57 TWM', '2018-12-24 16:00:00'),
  (NULL, 6, 4, 'BJ57 TWM', '2018-12-24 17:30:00'),
  (NULL, 1, 4, 'BJ57 TWM', '2018-12-25 09:00:00'),
  (NULL, 2, 4, 'BJ57 TWM', '2018-12-25 09:30:00'),
  (NULL, 3, 4, 'BJ57 TWM', '2018-12-25 10:00:00'),
  (NULL, 4, 4, 'BJ57 TWM', '2018-12-25 10:30:00'),
  (NULL, 5, 4, 'MK02 VVG', '2018-12-25 11:00:00'),
  (NULL, 6, 4, 'MK02 VVG', '2018-12-25 11:30:00'),
  (NULL, 7, 4, 'MK02 VVG', '2018-12-25 12:00:00'),
  (NULL, 8, 4, 'MK02 VVG', '2018-12-25 12:30:00'),
  (NULL, 9, 4, 'BJ57 TWM', '2018-12-25 13:00:00'),
  (NULL, 10, 4, 'BJ57 TWM', '2018-12-25 13:30:00'),
  (NULL, 11, 4, 'BJ57 TWM', '2018-12-25 14:00:00'),
  (NULL, 1, 4, 'BJ57 TWM', '2018-12-25 14:30:00'),
  (NULL, 2, 4, 'MK02 VVG', '2018-12-25 15:00:00'),
  (NULL, 3, 4, 'MK02 VVG', '2018-12-25 15:30:00'),
  (NULL, 4, 4, 'MK02 VVG', '2018-12-25 16:00:00'),
  (NULL, 5, 4, 'BJ57 TWM', '2018-12-25 16:30:00'),
  (NULL, 6, 4, 'BJ57 TWM', '2018-12-25 17:30:00'),
  (NULL, 1, 4, 'BJ57 TWM', '2018-12-26 09:00:00'),
  (NULL, 2, 4, 'BJ57 TWM', '2018-12-26 09:30:00'),
  (NULL, 3, 4, 'BJ57 TWM', '2018-12-26 10:00:00'),
  (NULL, 4, 4, 'BJ57 TWM', '2018-12-26 10:30:00'),
  (NULL, 5, 4, 'MK02 VVG', '2018-12-26 11:00:00'),
  (NULL, 6, 4, 'MK02 VVG', '2018-12-26 11:30:00'),
  (NULL, 7, 4, 'MK02 VVG', '2018-12-26 12:00:00'),
  (NULL, 8, 4, 'MK02 VVG', '2018-12-26 12:30:00'),
  (NULL, 9, 4, 'BJ57 TWM', '2018-12-26 13:00:00'),
  (NULL, 10, 4, 'BJ57 TWM', '2018-12-26 13:30:00'),
  (NULL, 11, 4, 'BJ57 TWM', '2018-12-26 14:00:00'),
  (NULL, 1, 4, 'BJ57 TWM', '2018-12-26 14:30:00'),
  (NULL, 2, 4, 'MK02 VVG', '2018-12-26 15:00:00'),
  (NULL, 3, 4, 'MK02 VVG', '2018-12-26 15:30:00'),
  (NULL, 4, 4, 'MK02 VVG', '2018-12-26 16:00:00'),
  (NULL, 5, 4, 'BJ57 TWM', '2018-12-26 16:30:00'),
  (NULL, 6, 4, 'BJ57 TWM', '2018-12-26 17:00:00'),
  (NULL, 1, 5, 'BJ57 TWM', '2018-12-24 09:15:00'),
  (NULL, 2, 5, 'BJ57 TWM', '2018-12-24 09:45:00'),
  (NULL, 3, 5, 'BJ57 TWM', '2018-12-24 10:15:00'),
  (NULL, 4, 5, 'BJ57 TWM', '2018-12-24 10:45:00'),
  (NULL, 5, 5, 'MK02 VVG', '2018-12-24 11:15:00'),
  (NULL, 6, 5, 'MK02 VVG', '2018-12-24 11:45:00'),
  (NULL, 7, 5, 'MK02 VVG', '2018-12-24 12:15:00'),
  (NULL, 8, 5, 'MK02 VVG', '2018-12-24 12:45:00'),
  (NULL, 9, 5, 'BJ57 TWM', '2018-12-24 13:15:00'),
  (NULL, 10, 5, 'BJ57 TWM', '2018-12-24 13:45:00'),
  (NULL, 11, 5, 'BJ57 TWM', '2018-12-24 14:15:00'),
  (NULL, 1, 5, 'BJ57 TWM', '2018-12-24 14:45:00'),
  (NULL, 2, 5, 'MK02 VVG', '2018-12-24 15:15:00'),
  (NULL, 3, 5, 'MK02 VVG', '2018-12-24 15:45:00'),
  (NULL, 4, 5, 'MK02 VVG', '2018-12-24 16:15:00'),
  (NULL, 5, 5, 'BJ57 TWM', '2018-12-24 16:45:00'),
  (NULL, 6, 5, 'BJ57 TWM', '2018-12-24 17:15:00'),
  (NULL, 1, 5, 'BJ57 TWM', '2018-12-25 09:15:00'),
  (NULL, 2, 5, 'BJ57 TWM', '2018-12-25 09:45:00'),
  (NULL, 3, 5, 'BJ57 TWM', '2018-12-25 10:15:00'),
  (NULL, 4, 5, 'BJ57 TWM', '2018-12-25 10:45:00'),
  (NULL, 5, 5, 'MK02 VVG', '2018-12-25 11:15:00'),
  (NULL, 6, 5, 'MK02 VVG', '2018-12-25 11:45:00'),
  (NULL, 7, 5, 'MK02 VVG', '2018-12-25 12:15:00'),
  (NULL, 8, 5, 'MK02 VVG', '2018-12-25 12:45:00'),
  (NULL, 9, 5, 'BJ57 TWM', '2018-12-25 13:15:00'),
  (NULL, 10, 5, 'BJ57 TWM', '2018-12-25 13:45:00'),
  (NULL, 11, 5, 'BJ57 TWM', '2018-12-25 14:15:00'),
  (NULL, 1, 5, 'BJ57 TWM', '2018-12-25 14:45:00'),
  (NULL, 2, 5, 'MK02 VVG', '2018-12-25 15:15:00'),
  (NULL, 3, 5, 'MK02 VVG', '2018-12-25 15:45:00'),
  (NULL, 4, 5, 'MK02 VVG', '2018-12-25 16:15:00'),
  (NULL, 5, 5, 'BJ57 TWM', '2018-12-25 16:45:00'),
  (NULL, 6, 5, 'BJ57 TWM', '2018-12-25 17:15:00'),
  (NULL, 1, 5, 'BJ57 TWM', '2018-12-26 09:15:00'),
  (NULL, 2, 5, 'BJ57 TWM', '2018-12-26 09:45:00'),
  (NULL, 3, 5, 'BJ57 TWM', '2018-12-26 10:15:00'),
  (NULL, 4, 5, 'BJ57 TWM', '2018-12-26 10:45:00'),
  (NULL, 5, 5, 'MK02 VVG', '2018-12-26 11:15:00'),
  (NULL, 6, 5, 'MK02 VVG', '2018-12-26 11:45:00'),
  (NULL, 7, 5, 'MK02 VVG', '2018-12-26 12:15:00'),
  (NULL, 8, 5, 'MK02 VVG', '2018-12-26 12:45:00'),
  (NULL, 9, 5, 'BJ57 TWM', '2018-12-26 13:15:00'),
  (NULL, 10, 5, 'BJ57 TWM', '2018-12-26 13:45:00'),
  (NULL, 11, 5, 'BJ57 TWM', '2018-12-26 14:15:00'),
  (NULL, 1, 5, 'BJ57 TWM', '2018-12-26 14:45:00'),
  (NULL, 2, 5, 'MK02 VVG', '2018-12-26 15:15:00'),
  (NULL, 3, 5, 'MK02 VVG', '2018-12-26 15:45:00'),
  (NULL, 4, 5, 'MK02 VVG', '2018-12-26 16:15:00'),
  (NULL, 5, 5, 'BJ57 TWM', '2018-12-26 16:45:00'),
  (NULL, 6, 5, 'BJ57 TWM', '2018-12-26 17:15:00')
